{
    "train": {
        "loss": 2.006410598754883,
        "bbox_loss": 0.049078214913606644,
        "obj_loss": 1.9573324918746948
    },
    "epoch": 1,
    "step": 72573,
    "val": {
        "loss": 2.4162774085998535,
        "bbox_loss": 0.12928681075572968,
        "obj_loss": 2.28698992729187
    }
}
