{
    "train": {
        "loss": 1.915273666381836
    },
    "epoch": 1,
    "step": 145099,
    "val": {
        "loss": 1.7662855386734009
    }
}
