{
    "train": {
        "loss": 0.3925858438014984,
        "bbox_loss": 0.390508770942688,
        "obj_loss": 0.0020770675037056208
    },
    "epoch": 4,
    "step": 181434,
    "val": {
        "loss": 0.4930880069732666,
        "bbox_loss": 0.49115803837776184,
        "obj_loss": 0.0019307037582620978
    }
}
