{
    "train": {
        "loss": 9.54483413696289,
        "bbox_loss": 0.11471544951200485,
        "obj_loss": 9.430118560791016
    },
    "epoch": 4,
    "step": 181434,
    "val": {
        "loss": 9.543463706970215,
        "bbox_loss": 0.10386674851179123,
        "obj_loss": 9.439665794372559
    }
}
