{
    "train": {
        "loss": 1.1556791067123413
    },
    "epoch": 1,
    "step": 18099,
    "val": {
        "loss": 0.293806791305542
    }
}
