{
    "train": {
        "loss": 0.30293044447898865
    },
    "epoch": 1,
    "step": 18099,
    "val": {
        "loss": 0.1506543755531311
    }
}
