{
    "train": {
        "loss": 0.755959153175354
    },
    "epoch": 1,
    "step": 145099,
    "val": {
        "loss": 1.0737011432647705
    }
}
