{
    "train": {
        "loss": 1.2171807289123535
    },
    "epoch": 1,
    "step": 18099,
    "val": {
        "loss": 1.2030636072158813
    }
}
